<?xml version="1.0" encoding="UTF-8"?><?xml-stylesheet type='text/xsl' href='_UpgradeReport_Files/UpgradeReport.xslt'?><UpgradeLog>
<Properties><Property Name="Solution" Value="FilestreamMVC">
</Property><Property Name="Solution File" Value="C:\Users\todd.langdon\Development\JerryHinkle\FilestreamMVC\FilestreamMVC.sln">
</Property><Property Name="Date" Value="Wednesday, September 22, 2010">
</Property><Property Name="Time" Value="14:16 PM">
</Property></Properties><Event ErrorLevel="0" Project="FilestreamMVC" Source="FilestreamMVC.csproj" Description="Project converted successfully">
</Event><Event ErrorLevel="3" Project="FilestreamMVC" Source="FilestreamMVC.csproj" Description="Converted">
</Event><Event ErrorLevel="0" Project="" Source="FilestreamMVC.sln" Description="Solution converted successfully">
</Event><Event ErrorLevel="3" Project="" Source="FilestreamMVC.sln" Description="Converted">
</Event><Event ErrorLevel="0" Project="FilestreamMVC" Source="FilestreamMVC.csproj" Description="Scan complete: Upgrade not required for project files.">
</Event></UpgradeLog>